area_id,name_en,name_ka,level,code,parent_id,parent_name_en,parent_name_ka,voters_total,lat,lon
1,Mtatsminda,მთაწმინდა,dis,GE-D01,1,Tbilisi,თბილისი,52144,41.67073837185348,44.710870557053426
2,Vake,ვაკე,dis,GE-D02,1,Tbilisi,თბილისი,99163,41.72085827642551,44.725717938752986
3,Saburtalo,საბურთალო,dis,GE-D03,1,Tbilisi,თბილისი,128581,41.776721447252946,44.73330715197359
4,Krtsanisi,კრწანისი,dis,GE-D04,1,Tbilisi,თბილისი,47095,41.658992690487544,44.855824385720666
5,Isani,ისანი,dis,GE-D05,1,Tbilisi,თბილისი,117337,41.69680674332777,44.84988676717217
6,Samgori,სამგორი,dis,GE-D06,1,Tbilisi,თბილისი,154643,41.70688177123106,44.93637171246891
7,Chughureti,ჩუღურეთი,dis,GE-D07,1,Tbilisi,თბილისი,58419,41.71740099650581,44.817294479958484
8,Didube,დიდუბე,dis,GE-D08,1,Tbilisi,თბილისი,72003,41.75848661762431,44.777782399605194
9,Nadzaladevi,ნაძალადევი,dis,GE-D09,1,Tbilisi,თბილისი,140429,41.745037259377,44.81439725886008
10,Gldani,გლდანი,dis,GE-D10,1,Tbilisi,თბილისი,155319,41.7946098834642,44.830315353404366
11,Sagarejo,საგარეჯო,dis,GE-D11,2,Kakheti,კახეთი,45734,41.664504986178265,45.37231767103033
12,Gurjaani,გურჯაანი,dis,GE-D12,2,Kakheti,კახეთი,55357,41.73050714323151,45.74005516316965
13,Sighnaghi,სიღნაღი,dis,GE-D13,2,Kakheti,კახეთი,31830,41.51115564605047,45.93723490056117
14,Dedoplistskaro,დედოფლისწყარო,dis,GE-D14,2,Kakheti,კახეთი,23186,41.31144003324615,46.24686942971666
15,Lagodekhi,ლაგოდეხი,dis,GE-D15,2,Kakheti,კახეთი,39735,41.82915640547883,46.167511042916026
16,Kvareli,ყვარელი,dis,GE-D16,2,Kakheti,კახეთი,29631,41.97014384671024,45.859639281459415
17,Telavi,თელავი,dis,GE-D17,2,Kakheti,კახეთი,57923,42.025949678481275,45.508798820405644
18,Akhmeta,ახმეტა,dis,GE-D18,2,Kakheti,კახეთი,30795,42.25951406046544,45.37382534707023
19,Tianeti,თიანეთი,dis,GE-D19,3,Mtskheta-Mtianeti,მცხეთა-მთიანეთი,11073,42.12742520579302,45.00920346736107
20,Rustavi city,ქ. რუსთავი,dis,GE-D20,4,Kvemo Kartli,ქვემო ქართლი,110402,41.53800459636987,45.023370717462896
21,Gardabani,გარდაბანი,dis,GE-D21,4,Kvemo Kartli,ქვემო ქართლი,74189,41.60884342111625,45.05912286141668
22,Marneuli,მარნეული,dis,GE-D22,4,Kvemo Kartli,ქვემო ქართლი,98777,41.36760541721975,44.83528032244984
23,Bolnisi,ბოლნისი,dis,GE-D23,4,Kvemo Kartli,ქვემო ქართლი,57974,41.37835883234721,44.51679433132822
24,Dmanisi,დმანისი,dis,GE-D24,4,Kvemo Kartli,ქვემო ქართლი,22940,41.34912952734889,44.13495106905477
25,Tsalka,წალკა,dis,GE-D25,4,Kvemo Kartli,ქვემო ქართლი,24210,41.622011833447,43.97140460502564
26,Tetritskaro,თეთრიწყარო,dis,GE-D26,4,Kvemo Kartli,ქვემო ქართლი,21906,41.60436324842139,44.47029172498191
27,Mtskheta,მცხეთა,dis,GE-D27,3,Mtskheta-Mtianeti,მცხეთა-მთიანეთი,44274,41.86495152222893,44.70405227398699
28,Dusheti,დუშეთი,dis,GE-D28,3,Mtskheta-Mtianeti,მცხეთა-მთიანეთი,26408,42.37668810279084,44.866661937493156
29,Kazbegi,ყაზბეგი,dis,GE-D29,3,Mtskheta-Mtianeti,მცხეთა-მთიანეთი,5788,42.612511008394094,44.533424139535114
30,Kaspi,კასპი,dis,GE-D30,5,Shida Kartli,შიდა ქართლი,40358,41.8867757142481,44.37035667506855
32,Gori,გორი,dis,GE-D32,NA,NA,NA,112205,41.962281791949415,44.06941765676972
33,Kareli,ქარელი,dis,GE-D33,5,Shida Kartli,შიდა ქართლი,37597,41.986132269674094,43.83213742922787
35,Khashuri,ხაშური,dis,GE-D35,5,Shida Kartli,შიდა ქართლი,50345,42.013927902712204,43.61623273161297
36,Borjomi,ბორჯომი,dis,GE-D36,6,Samtskhe-Javakheti,სამცხე-ჯავახეთი,27597,41.77567562677594,43.4888550329502
37,Akhaltsikhe,ახალციხე,dis,GE-D37,6,Samtskhe-Javakheti,სამცხე-ჯავახეთი,36451,41.640740115536815,43.018699291330755
38,Adigeni,ადიგენი,dis,GE-D38,6,Samtskhe-Javakheti,სამცხე-ჯავახეთი,15718,41.716682238148465,42.71858501329744
40,Akhalkalaki,ახალქალაქი,dis,GE-D40,6,Samtskhe-Javakheti,სამცხე-ჯავახეთი,41000,41.43445315423854,43.46077726067624
41,Ninotsminda,ნინოწმინდა,dis,GE-D41,6,Samtskhe-Javakheti,სამცხე-ჯავახეთი,22825,41.297015219961594,43.71672258298349
43,Oni,ონი,dis,GE-D43,7,Racha-Lechkhumi-Kvemo Svaneti,რაჭა-ლეჩხუმი-ქვემო სვანეთი,6829,42.66624523601319,43.486774830331065
44,Ambrolauri,ამბროლაური,dis,GE-D44,7,Racha-Lechkhumi-Kvemo Svaneti,რაჭა-ლეჩხუმი-ქვემო სვანეთი,11985,42.57104852691266,43.12087175917024
45,Tsageri,ცაგერი,dis,GE-D45,7,Racha-Lechkhumi-Kvemo Svaneti,რაჭა-ლეჩხუმი-ქვემო სვანეთი,11969,42.62680655453424,42.792112327808574
46,Lentekhi,ლენტეხი,dis,GE-D46,7,Racha-Lechkhumi-Kvemo Svaneti,რაჭა-ლეჩხუმი-ქვემო სვანეთი,5948,42.81959343521217,42.84394900571095
47,Mestia,მესტია,dis,GE-D47,10,Samegrelo-Zemo Svaneti,სამეგრელო-ზემო სვანეთი,8441,43.01993201091069,42.47239785599124
51,Zestaponi,ზესტაფონი,dis,GE-D51,8,Imereti,იმერეთი,57084,42.13376147144466,43.04883829977703
49,Terjola,თერჯოლა,dis,GE-D49,8,Imereti,იმერეთი,34719,42.232462653064005,42.92798373151552
48,Kharagauli,ხარაგაული,dis,GE-D48,8,Imereti,იმერეთი,20365,42.004916997890454,43.2655607705168
39,Aspindza,ასპინძა,dis,GE-D39,6,Samtskhe-Javakheti,სამცხე-ჯავახეთი,9850,41.50086354911924,43.21783632878238
52,Baghdati,ბაღდათი,dis,GE-D52,8,Imereti,იმერეთი,23376,41.9698808507391,42.88173583487137
53,Vani,ვანი,dis,GE-D53,8,Imereti,იმერეთი,26857,42.01519643220157,42.61112957332639
54,Samtredia,სამტრედია,dis,GE-D54,8,Imereti,იმერეთი,48387,42.15447504257659,42.37098370927023
55,Khoni,ხონი,dis,GE-D55,8,Imereti,იმერეთი,24242,42.39278602045077,42.49631190235135
56,Chiatura,ჭიათურა,dis,GE-D56,8,Imereti,იმერეთი,45326,42.27727847405249,43.268339019017866
57,Tkibuli,ტყიბული,dis,GE-D57,8,Imereti,იმერეთი,23857,42.35818154436014,42.91525564313083
58,Tskaltubo,წყალტუბო,dis,GE-D58,8,Imereti,იმერეთი,53336,42.31098765200647,42.645243286280504
59,Kutaisi city,ქ. ქუთაისი,dis,GE-D59,8,Imereti,იმერეთი,163083,42.24672119463597,42.6905618903062
60,Ozurgeti,ოზურგეთი,dis,GE-D60,9,Guria,გურია,64397,41.91814065679631,42.032809439785574
61,Lanchkhuti,ლანჩხუთი,dis,GE-D61,9,Guria,გურია,30099,42.08031175635964,41.95005747664064
62,Chokhatauri,ჩოხატაური,dis,GE-D62,9,Guria,გურია,18829,41.9302767621641,42.393374987846364
63,Abasha,აბაშა,dis,GE-D63,10,Samegrelo-Zemo Svaneti,სამეგრელო-ზემო სვანეთი,22042,42.3031207994835,42.08485526226083
64,Senaki,სენაკი,dis,GE-D64,10,Samegrelo-Zemo Svaneti,სამეგრელო-ზემო სვანეთი,42730,42.19861563059152,42.20191515454193
65,Martvili,მარტვილი,dis,GE-D65,10,Samegrelo-Zemo Svaneti,სამეგრელო-ზემო სვანეთი,34553,42.532774369402304,42.39201640375741
66,Khobi,ხობი,dis,GE-D66,10,Samegrelo-Zemo Svaneti,სამეგრელო-ზემო სვანეთი,29465,42.28647064678263,41.831274284997335
67,Zugdidi,ზუგდიდი,dis,GE-D67,10,Samegrelo-Zemo Svaneti,სამეგრელო-ზემო სვანეთი,128577,42.467607702647946,41.8211141310226
68,Tsalenjikha,წალენჯიხა,dis,GE-D68,10,Samegrelo-Zemo Svaneti,სამეგრელო-ზემო სვანეთი,32029,42.71577321663152,42.06918169086175
69,Chkhorotsku,ჩხოროწყუ,dis,GE-D69,10,Samegrelo-Zemo Svaneti,სამეგრელო-ზემო სვანეთი,23160,42.62878102274377,42.23212154018462
70,Poti city,ქ. ფოთი,dis,GE-D70,10,Samegrelo-Zemo Svaneti,სამეგრელო-ზემო სვანეთი,41562,42.140255331693645,41.69781563358213
50,Sachkhere,საჩხერე,dis,GE-D50,8,Imereti,იმერეთი,44298,42.303298789600596,43.48592075598195
79,Batumi city,ქ. ბათუმი,dis,GE-D79,11,Adjara,აჭარა,133316,41.61996181661331,41.632655389513324
80,Keda,ქედა,dis,GE-D80,11,Adjara,აჭარა,15789,41.592779229644826,41.96989072178914
81,Kobuleti,ქობულეთი,dis,GE-D81,11,Adjara,აჭარა,69244,41.765508704128635,41.92713073320642
82,Shuakhevi,შუახევი,dis,GE-D82,11,Adjara,აჭარა,15231,41.60549372102141,42.25053809719382
83,Khelvachauri,ხელვაჩაური,dis,GE-D83,11,Adjara,აჭარა,47033,41.548995687880094,41.73833166582477
84,Khulo,ხულო,dis,GE-D84,11,Adjara,აჭარა,24329,41.6525190114083,42.42499453578156
101,Abkhazia,აფხაზეთი,dis,GE-D101,101,Abkhazia,აფხაზეთი,0,43.109597311085984,41.16546701341223
102,Tskhinvali region,ცხინვალის რეგიონი,dis,GE-D102,102,Tskhnivali Region,ცხინვალის რეგიონი,0,42.35179351705065,44.0832895926681
11,Sagarejo,საგარეჯო,mun,GE-M011,2,Kakheti,კახეთი,45734,41.664504986178265,45.37231767103033
12,Gurjaani,გურჯაანი,mun,GE-M012,2,Kakheti,კახეთი,55357,41.73050714323151,45.74005516316965
13,Sighnaghi,სიღნაღი,mun,GE-M013,2,Kakheti,კახეთი,31830,41.51115564605047,45.93723490056117
14,Dedoplistskaro,დედოფლისწყარო,mun,GE-M014,2,Kakheti,კახეთი,23186,41.31144003324615,46.24686942971666
15,Lagodekhi,ლაგოდეხი,mun,GE-M015,2,Kakheti,კახეთი,39735,41.82915640547883,46.167511042916026
16,Kvareli,ყვარელი,mun,GE-M016,2,Kakheti,კახეთი,29631,41.97014384671024,45.859639281459415
17,Telavi,თელავი,mun,GE-M017,2,Kakheti,კახეთი,57923,42.025949678481275,45.508798820405644
18,Akhmeta,ახმეტა,mun,GE-M018,2,Kakheti,კახეთი,30795,42.25951406046544,45.37382534707023
19,Tianeti,თიანეთი,mun,GE-M019,3,Mtskheta-Mtianeti,მცხეთა-მთიანეთი,11073,42.12742520579302,45.00920346736107
20,Rustavi city,ქ. რუსთავი,mun,GE-M020,4,Kvemo Kartli,ქვემო ქართლი,110402,41.53800459636987,45.023370717462896
21,Gardabani,გარდაბანი,mun,GE-M021,4,Kvemo Kartli,ქვემო ქართლი,74189,41.60884342111625,45.05912286141668
22,Marneuli,მარნეული,mun,GE-M022,4,Kvemo Kartli,ქვემო ქართლი,98777,41.36760541721975,44.83528032244984
23,Bolnisi,ბოლნისი,mun,GE-M023,4,Kvemo Kartli,ქვემო ქართლი,57974,41.37835883234721,44.51679433132822
24,Dmanisi,დმანისი,mun,GE-M024,4,Kvemo Kartli,ქვემო ქართლი,22940,41.34912952734889,44.13495106905477
25,Tsalka,წალკა,mun,GE-M025,4,Kvemo Kartli,ქვემო ქართლი,24210,41.622011833447,43.97140460502564
26,Tetritskaro,თეთრიწყარო,mun,GE-M026,4,Kvemo Kartli,ქვემო ქართლი,21906,41.60436324842139,44.47029172498191
27,Mtskheta,მცხეთა,mun,GE-M027,3,Mtskheta-Mtianeti,მცხეთა-მთიანეთი,44274,41.86495152222893,44.70405227398699
28,Dusheti,დუშეთი,mun,GE-M028,3,Mtskheta-Mtianeti,მცხეთა-მთიანეთი,26408,42.37668810279084,44.866661937493156
29,Kazbegi,ყაზბეგი,mun,GE-M029,3,Mtskheta-Mtianeti,მცხეთა-მთიანეთი,5788,42.612511008394094,44.533424139535114
30,Kaspi,კასპი,mun,GE-M030,5,Shida Kartli,შიდა ქართლი,40358,41.8867757142481,44.37035667506855
32,Gori,გორი,mun,GE-M032,NA,NA,NA,112205,41.962281791949415,44.06941765676972
33,Kareli,ქარელი,mun,GE-M033,5,Shida Kartli,შიდა ქართლი,37597,41.986132269674094,43.83213742922787
35,Khashuri,ხაშური,mun,GE-M035,5,Shida Kartli,შიდა ქართლი,50345,42.013927902712204,43.61623273161297
36,Borjomi,ბორჯომი,mun,GE-M036,6,Samtskhe-Javakheti,სამცხე-ჯავახეთი,27597,41.77567562677594,43.4888550329502
37,Akhaltsikhe,ახალციხე,mun,GE-M037,6,Samtskhe-Javakheti,სამცხე-ჯავახეთი,36451,41.640740115536815,43.018699291330755
38,Adigeni,ადიგენი,mun,GE-M038,6,Samtskhe-Javakheti,სამცხე-ჯავახეთი,15718,41.716682238148465,42.71858501329744
40,Akhalkalaki,ახალქალაქი,mun,GE-M040,6,Samtskhe-Javakheti,სამცხე-ჯავახეთი,41000,41.43445315423854,43.46077726067624
41,Ninotsminda,ნინოწმინდა,mun,GE-M041,6,Samtskhe-Javakheti,სამცხე-ჯავახეთი,22825,41.297015219961594,43.71672258298349
43,Oni,ონი,mun,GE-M043,7,Racha-Lechkhumi-Kvemo Svaneti,რაჭა-ლეჩხუმი-ქვემო სვანეთი,6829,42.66624523601319,43.486774830331065
44,Ambrolauri,ამბროლაური,mun,GE-M044,7,Racha-Lechkhumi-Kvemo Svaneti,რაჭა-ლეჩხუმი-ქვემო სვანეთი,11985,42.57104852691266,43.12087175917024
45,Tsageri,ცაგერი,mun,GE-M045,7,Racha-Lechkhumi-Kvemo Svaneti,რაჭა-ლეჩხუმი-ქვემო სვანეთი,11969,42.62680655453424,42.792112327808574
46,Lentekhi,ლენტეხი,mun,GE-M046,7,Racha-Lechkhumi-Kvemo Svaneti,რაჭა-ლეჩხუმი-ქვემო სვანეთი,5948,42.81959343521217,42.84394900571095
47,Mestia,მესტია,mun,GE-M047,10,Samegrelo-Zemo Svaneti,სამეგრელო-ზემო სვანეთი,8441,43.01993201091069,42.47239785599124
51,Zestaponi,ზესტაფონი,mun,GE-M051,8,Imereti,იმერეთი,57084,42.13376147144466,43.04883829977703
49,Terjola,თერჯოლა,mun,GE-M049,8,Imereti,იმერეთი,34719,42.232462653064005,42.92798373151552
48,Kharagauli,ხარაგაული,mun,GE-M048,8,Imereti,იმერეთი,20365,42.004916997890454,43.2655607705168
39,Aspindza,ასპინძა,mun,GE-M039,6,Samtskhe-Javakheti,სამცხე-ჯავახეთი,9850,41.50086354911924,43.21783632878238
52,Baghdati,ბაღდათი,mun,GE-M052,8,Imereti,იმერეთი,23376,41.9698808507391,42.88173583487137
53,Vani,ვანი,mun,GE-M053,8,Imereti,იმერეთი,26857,42.01519643220157,42.61112957332639
54,Samtredia,სამტრედია,mun,GE-M054,8,Imereti,იმერეთი,48387,42.15447504257659,42.37098370927023
55,Khoni,ხონი,mun,GE-M055,8,Imereti,იმერეთი,24242,42.39278602045077,42.49631190235135
56,Chiatura,ჭიათურა,mun,GE-M056,8,Imereti,იმერეთი,45326,42.27727847405249,43.268339019017866
57,Tkibuli,ტყიბული,mun,GE-M057,8,Imereti,იმერეთი,23857,42.35818154436014,42.91525564313083
58,Tskaltubo,წყალტუბო,mun,GE-M058,8,Imereti,იმერეთი,53336,42.31098765200647,42.645243286280504
59,Kutaisi city,ქ. ქუთაისი,mun,GE-M059,8,Imereti,იმერეთი,163083,42.24672119463597,42.6905618903062
60,Ozurgeti,ოზურგეთი,mun,GE-M060,9,Guria,გურია,64397,41.91814065679631,42.032809439785574
61,Lanchkhuti,ლანჩხუთი,mun,GE-M061,9,Guria,გურია,30099,42.08031175635964,41.95005747664064
62,Chokhatauri,ჩოხატაური,mun,GE-M062,9,Guria,გურია,18829,41.9302767621641,42.393374987846364
63,Abasha,აბაშა,mun,GE-M063,10,Samegrelo-Zemo Svaneti,სამეგრელო-ზემო სვანეთი,22042,42.3031207994835,42.08485526226083
64,Senaki,სენაკი,mun,GE-M064,10,Samegrelo-Zemo Svaneti,სამეგრელო-ზემო სვანეთი,42730,42.19861563059152,42.20191515454193
65,Martvili,მარტვილი,mun,GE-M065,10,Samegrelo-Zemo Svaneti,სამეგრელო-ზემო სვანეთი,34553,42.532774369402304,42.39201640375741
66,Khobi,ხობი,mun,GE-M066,10,Samegrelo-Zemo Svaneti,სამეგრელო-ზემო სვანეთი,29465,42.28647064678263,41.831274284997335
67,Zugdidi,ზუგდიდი,mun,GE-M067,10,Samegrelo-Zemo Svaneti,სამეგრელო-ზემო სვანეთი,128577,42.467607702647946,41.8211141310226
68,Tsalenjikha,წალენჯიხა,mun,GE-M068,10,Samegrelo-Zemo Svaneti,სამეგრელო-ზემო სვანეთი,32029,42.71577321663152,42.06918169086175
69,Chkhorotsku,ჩხოროწყუ,mun,GE-M069,10,Samegrelo-Zemo Svaneti,სამეგრელო-ზემო სვანეთი,23160,42.62878102274377,42.23212154018462
70,Poti city,ქ. ფოთი,mun,GE-M070,10,Samegrelo-Zemo Svaneti,სამეგრელო-ზემო სვანეთი,41562,42.140255331693645,41.69781563358213
50,Sachkhere,საჩხერე,mun,GE-M050,8,Imereti,იმერეთი,44298,42.303298789600596,43.48592075598195
79,Batumi city,ქ. ბათუმი,mun,GE-M079,11,Adjara,აჭარა,133316,41.61996181661331,41.632655389513324
80,Keda,ქედა,mun,GE-M080,11,Adjara,აჭარა,15789,41.592779229644826,41.96989072178914
81,Kobuleti,ქობულეთი,mun,GE-M081,11,Adjara,აჭარა,69244,41.765508704128635,41.92713073320642
82,Shuakhevi,შუახევი,mun,GE-M082,11,Adjara,აჭარა,15231,41.60549372102141,42.25053809719382
83,Khelvachauri,ხელვაჩაური,mun,GE-M083,11,Adjara,აჭარა,47033,41.548995687880094,41.73833166582477
84,Khulo,ხულო,mun,GE-M084,11,Adjara,აჭარა,24329,41.6525190114083,42.42499453578156
101,Abkhazia,აფხაზეთი,mun,GE-M101,101,Abkhazia,აფხაზეთი,0,43.109597311085984,41.16546701341223
102,Tskhinvali region,ცხინვალის რეგიონი,mun,GE-M102,102,Tskhnivali Region,ცხინვალის რეგიონი,0,42.35179351705065,44.0832895926681
1,Tbilisi,თბილისი,mun,GE-M001,1,Tbilisi,თბილისი,1025133,41.72119066965149,44.8120832886373
